*******************************************************************************,,,,
Ephemeris / WWW_USER Sat Feb 16 02:24:16 2019 Pasadena, USA      / Horizons    ,,,
*******************************************************************************,,,,
Target body name: Pluto (999)                     {source: plu055l_merged},,,,
Center body name: Sun (10)                        {source: plu055l_merged},,,,
Center-site name: BODY CENTER,,,,
*******************************************************************************,,,,
Start time      : A.D. 1977-Sep-06 00:00:00.0000 TDB,,,,
Stop  time      : A.D. 2019-Sep-06 00:00:00.0000 TDB,,,,
Step-size       : 1 calendar months,,,,
*******************************************************************************,,,,
Center geodetic : 0.00000000,0,0.0000000 {E-lon(deg),Lat(deg),Alt(km)}
Center cylindric: 0.00000000,0,0.0000000 {E-lon(deg),Dxy(km),Dz(km)}
Center radii    : 696000.0 x 696000.0 x 696000.0 k{Equator, meridian, pole}    ,,
Output units    : AU-D                                                         ,,,,
Output type     : GEOMETRIC cartesian states,,,,
Output format   : 1 (position only),,,,
Reference frame : ICRF/J2000.0,,,,
Coordinate systm: Ecliptic and Mean Equinox of Reference Epoch                 ,,,,
*******************************************************************************,,,,
            JDTDB,            Calendar Date (TDB),                      X,                      Y,                      Z
**************************************************************************************************************************,,,,
$$SOE,,,,
2443392.500000000,A.D. 1977-Sep-06 00:00:00.0000,-2.822454678927613E+01,-7.136018160831232E+00,8.927321857517525E+00
2443422.500000000,A.D. 1977-Oct-06 00:00:00.0000,-2.818873969958552E+01,-7.233312837190510E+00,8.927305575038170E+00
2443453.500000000,A.D. 1977-Nov-06 00:00:00.0000,-2.815147161060390E+01,-7.333790672286034E+00,8.927222066601098E+00
2443483.500000000,A.D. 1977-Dec-06 00:00:00.0000,-2.811515180291787E+01,-7.430979992968280E+00,8.927066498559149E+00
2443514.500000000,A.D. 1978-Jan-06 00:00:00.0000,-2.807733275261776E+01,-7.531351949899345E+00,8.926793539613476E+00
2443545.500000000,A.D. 1978-Feb-06 00:00:00.0000,-2.803921999344174E+01,-7.631653914592635E+00,8.926423232506544E+00
2443573.500000000,A.D. 1978-Mar-06 00:00:00.0000,-2.800453981995220E+01,-7.722166105188595E+00,8.926034107898921E+00
2443604.500000000,A.D. 1978-Apr-06 00:00:00.0000,-2.796589365621888E+01,-7.822343099775989E+00,8.925505096421919E+00
2443634.500000000,A.D. 1978-May-06 00:00:00.0000,-2.792821116032632E+01,-7.919227103534719E+00,8.924884518536912E+00
2443665.500000000,A.D. 1978-Jun-06 00:00:00.0000,-2.788898087424155E+01,-8.019253309172571E+00,8.924169015633939E+00
2443695.500000000,A.D. 1978-Jul-06 00:00:00.0000,-2.785074581252774E+01,-8.115975539063040E+00,8.923412329346940E+00
2443726.500000000,A.D. 1978-Aug-06 00:00:00.0000,-2.781096528166249E+01,-8.215868667730161E+00,8.922532016230766E+00
2443757.500000000,A.D. 1978-Sep-06 00:00:00.0000,-2.777089687136415E+01,-8.315691445932194E+00,8.921550958311748E+00
2443787.500000000,A.D. 1978-Oct-06 00:00:00.0000,-2.773183452387411E+01,-8.412219179712723E+00,8.920494511981275E+00
2443818.500000000,A.D. 1978-Nov-06 00:00:00.0000,-2.769118484792208E+01,-8.511873217752985E+00,8.919332683979039E+00
2443848.500000000,A.D. 1978-Dec-06 00:00:00.0000,-2.765158245906535E+01,-8.608235585699429E+00,8.918143806148121E+00
2443879.500000000,A.D. 1979-Jan-06 00:00:00.0000,-2.761038487763690E+01,-8.707752873636176E+00,8.916810724257815E+00
2443910.500000000,A.D. 1979-Feb-06 00:00:00.0000,-2.756889423069633E+01,-8.807194494830254E+00,8.915375720017765E+00
2443938.500000000,A.D. 1979-Mar-06 00:00:00.0000,-2.753114323423209E+01,-8.896917525390860E+00,8.913996149251846E+00
2443969.500000000,A.D. 1979-Apr-06 00:00:00.0000,-2.748909948144255E+01,-8.996192490322988E+00,8.912401519053400E+00
2443999.500000000,A.D. 1979-May-06 00:00:00.0000,-2.744814184251303E+01,-9.092199801473715E+00,8.910754436631709E+00
2444030.500000000,A.D. 1979-Jun-06 00:00:00.0000,-2.740551641871996E+01,-9.191304434958830E+00,8.908957366802584E+00
2444060.500000000,A.D. 1979-Jul-06 00:00:00.0000,-2.736397995088275E+01,-9.287109700402043E+00,8.907141815546494E+00
2444091.500000000,A.D. 1979-Aug-06 00:00:00.0000,-2.732079276521291E+01,-9.386033908853939E+00,8.905186983148214E+00
2444122.500000000,A.D. 1979-Sep-06 00:00:00.0000,-2.727732219714439E+01,-9.484876881754900E+00,8.903137088522874E+00
2444152.500000000,A.D. 1979-Oct-06 00:00:00.0000,-2.723497837945242E+01,-9.580457784231779E+00,8.901045273779980E+00
2444183.500000000,A.D. 1979-Nov-06 00:00:00.0000,-2.719092108427966E+01,-9.679112975486586E+00,8.898794860316523E+00
2444213.500000000,A.D. 1979-Dec-06 00:00:00.0000,-2.714800309394001E+01,-9.774477620606918E+00,8.896545410180334E+00
2444244.500000000,A.D. 1980-Jan-06 00:00:00.0000,-2.710338857974569E+01,-9.872943060040487E+00,8.894135679339053E+00
2444275.500000000,A.D. 1980-Feb-06 00:00:00.0000,-2.705848971258373E+01,-9.971320078654394E+00,8.891627960489938E+00
2444304.500000000,A.D. 1980-Mar-06 00:00:00.0000,-2.701621253657190E+01,-1.006326726609485E+01,8.889167309660802E+00
2444335.500000000,A.D. 1980-Apr-06 00:00:00.0000,-2.697073457731578E+01,-1.016143788549323E+01,8.886476382098904E+00
2444365.500000000,A.D. 1980-May-06 00:00:00.0000,-2.692646009933735E+01,-1.025634760548309E+01,8.883803934273857E+00
2444396.500000000,A.D. 1980-Jun-06 00:00:00.0000,-2.688042588593659E+01,-1.035433336768432E+01,8.880931182753422E+00
2444426.500000000,A.D. 1980-Jul-06 00:00:00.0000,-2.683559036051655E+01,-1.044905951285752E+01,8.878040641328615E+00
2444457.500000000,A.D. 1980-Aug-06 00:00:00.0000,-2.678896840725059E+01,-1.054681786087341E+01,8.874977992580856E+00
2444488.500000000,A.D. 1980-Sep-06 00:00:00.0000,-2.674206228848306E+01,-1.064446417329873E+01,8.871833048401474E+00
2444518.500000000,A.D. 1980-Oct-06 00:00:00.0000,-2.669641248135789E+01,-1.073886496961888E+01,8.868717176390286E+00
2444549.500000000,A.D. 1980-Nov-06 00:00:00.0000,-2.664895519186874E+01,-1.083631547806801E+01,8.865383478480043E+00
2444579.500000000,A.D. 1980-Dec-06 00:00:00.0000,-2.660274027044592E+01,-1.093051446807310E+01,8.862048680542216E+00
2444610.500000000,A.D. 1981-Jan-06 00:00:00.0000,-2.655469717063286E+01,-1.102772635517627E+01,8.858530954772766E+00
2444641.500000000,A.D. 1981-Feb-06 00:00:00.0000,-2.650637043283030E+01,-1.112482168585276E+01,8.854930297903667E+00
2444669.500000000,A.D. 1981-Mar-06 00:00:00.0000,-2.646249497821765E+01,-1.121244760238699E+01,8.851591935707367E+00
2444700.500000000,A.D. 1981-Apr-06 00:00:00.0000,-2.641361641564857E+01,-1.130932302815761E+01,8.847798473543250E+00
2444730.500000000,A.D. 1981-May-06 00:00:00.0000,-2.636604166490518E+01,-1.140294617939477E+01,8.844059517240028E+00
2444761.500000000,A.D. 1981-Jun-06 00:00:00.0000,-2.631661528076116E+01,-1.149959089324342E+01,8.840101480943682E+00
2444791.500000000,A.D. 1981-Jul-06 00:00:00.0000,-2.626851583543892E+01,-1.159301833414310E+01,8.836165584995014E+00
2444822.500000000,A.D. 1981-Aug-06 00:00:00.0000,-2.621851283127745E+01,-1.168942036101486E+01,8.832002275316338E+00
2444853.500000000,A.D. 1981-Sep-06 00:00:00.0000,-2.616821958351105E+01,-1.178568727121487E+01,8.827751773122715E+00
2444883.500000000,A.D. 1981-Oct-06 00:00:00.0000,-2.611928268768646E+01,-1.187871760281250E+01,8.823572039161371E+00
2444914.500000000,A.D. 1981-Nov-06 00:00:00.0000,-2.606844920387417E+01,-1.197474147346631E+01,8.819152008018349E+00
2444944.500000000,A.D. 1981-Dec-06 00:00:00.0000,-2.601898743931691E+01,-1.206755833067484E+01,8.814765395996767E+00
2444975.500000000,A.D. 1982-Jan-06 00:00:00.0000,-2.596758249657178E+01,-1.216332215751118E+01,8.810143031672059E+00
2445006.500000000,A.D. 1982-Feb-06 00:00:00.0000,-2.591589215606235E+01,-1.225894782545594E+01,8.805435582904645E+00
2445034.500000000,A.D. 1982-Mar-06 00:00:00.0000,-2.586898465179303E+01,-1.234521882192807E+01,8.801125319036977E+00
2445065.500000000,A.D. 1982-Apr-06 00:00:00.0000,-2.581675968420054E+01,-1.244060168502722E+01,8.796230803874836E+00
2445095.500000000,A.D. 1982-May-06 00:00:00.0000,-2.576593573929746E+01,-1.253275691340212E+01,8.791410740890075E+00
2445126.500000000,A.D. 1982-Jun-06 00:00:00.0000,-2.571315810029605E+01,-1.262785452496227E+01,8.786354779959854E+00
2445156.500000000,A.D. 1982-Jul-06 00:00:00.0000,-2.566183392014955E+01,-1.271976746453526E+01,8.781374776647091E+00
2445187.500000000,A.D. 1982-Aug-06 00:00:00.0000,-2.560851098695545E+01,-1.281460268851511E+01,8.776116120034581E+00
2445218.500000000,A.D. 1982-Sep-06 00:00:00.0000,-2.555490135691440E+01,-1.290928885122972E+01,8.770761144169333E+00
2445248.500000000,A.D. 1982-Oct-06 00:00:00.0000,-2.550274524496385E+01,-1.300076523624993E+01,8.765501437602595E+00
2445279.500000000,A.D. 1982-Nov-06 00:00:00.0000,-2.544859551437190E+01,-1.309516137020657E+01,8.759985729851893E+00
2445309.500000000,A.D. 1982-Dec-06 00:00:00.0000,-2.539594294150044E+01,-1.318639152726235E+01,8.754554196511565E+00
2445340.500000000,A.D. 1983-Jan-06 00:00:00.0000,-2.534124665703663E+01,-1.328050858152351E+01,8.748832776762509E+00
2445371.500000000,A.D. 1983-Feb-06 00:00:00.0000,-2.528626787803632E+01,-1.337446822271703E+01,8.743018096545701E+00
2445399.500000000,A.D. 1983-Mar-06 00:00:00.0000,-2.523638227127345E+01,-1.345919498057951E+01,8.737718981232396E+00
2445430.500000000,A.D. 1983-Apr-06 00:00:00.0000,-2.518089369867235E+01,-1.355287935404514E+01,8.731731241293028E+00
2445460.500000000,A.D. 1983-May-06 00:00:00.0000,-2.512691624837326E+01,-1.364338683127085E+01,8.725833747101197E+00
2445491.500000000,A.D. 1983-Jun-06 00:00:00.0000,-2.507087419479537E+01,-1.373675006439356E+01,8.719670948239454E+00
2445521.500000000,A.D. 1983-Jul-06 00:00:00.0000,-2.501639478820308E+01,-1.382695653278340E+01,8.713636958304322E+00
2445552.500000000,A.D. 1983-Aug-06 00:00:00.0000,-2.495983332983546E+01,-1.392002784426752E+01,8.707289061067790E+00
2445583.500000000,A.D. 1983-Sep-06 00:00:00.0000,-2.490299674314589E+01,-1.401293897122843E+01,8.700838310561309E+00
2445613.500000000,A.D. 1983-Oct-06 00:00:00.0000,-2.484772097636715E+01,-1.410268628420007E+01,8.694498589265455E+00
2445644.500000000,A.D. 1983-Nov-06 00:00:00.0000,-2.479034982619484E+01,-1.419526457835805E+01,8.687878962332299E+00
2445674.500000000,A.D. 1983-Dec-06 00:00:00.0000,-2.473459204208026E+01,-1.428471368796925E+01,8.681398693054414E+00
2445705.500000000,A.D. 1984-Jan-06 00:00:00.0000,-2.467670806010030E+01,-1.437699523896764E+01,8.674587729922010E+00
2445736.500000000,A.D. 1984-Feb-06 00:00:00.0000,-2.461854915570228E+01,-1.446911075938498E+01,8.667675380732312E+00
2445765.500000000,A.D. 1984-Mar-06 00:00:00.0000,-2.456388059040555E+01,-1.455510670277604E+01,8.661131484160776E+00
2445796.500000000,A.D. 1984-Apr-06 00:00:00.0000,-2.450521238756277E+01,-1.464689125939903E+01,8.654061026944110E+00
2445826.500000000,A.D. 1984-May-06 00:00:00.0000,-2.444819613783369E+01,-1.473557354545592E+01,8.647117906953046E+00
2445857.500000000,A.D. 1984-Jun-06 00:00:00.0000,-2.438900302169647E+01,-1.482703191142362E+01,8.639841632231446E+00
2445887.500000000,A.D. 1984-Jul-06 00:00:00.0000,-2.433145650211546E+01,-1.491535975139544E+01,8.632717422204513E+00
2445918.500000000,A.D. 1984-Aug-06 00:00:00.0000,-2.427175214080106E+01,-1.500647295706074E+01,8.625280652222862E+00
2445949.500000000,A.D. 1984-Sep-06 00:00:00.0000,-2.421179495877087E+01,-1.509742231101566E+01,8.617750569017998E+00
2445979.500000000,A.D. 1984-Oct-06 00:00:00.0000,-2.415353107192808E+01,-1.518528913513199E+01,8.610357887313747E+00
2446010.500000000,A.D. 1984-Nov-06 00:00:00.0000,-2.409305395467167E+01,-1.527589573467375E+01,8.602623588806898E+00
2446040.500000000,A.D. 1984-Dec-06 00:00:00.0000,-2.403427423270409E+01,-1.536339402823393E+01,8.595062380145231E+00
2446071.500000000,A.D. 1985-Jan-06 00:00:00.0000,-2.397330376122830E+01,-1.545365060381058E+01,8.587169011357780E+00
2446102.500000000,A.D. 1985-Feb-06 00:00:00.0000,-2.391208506446267E+01,-1.554374136740327E+01,8.579179723540440E+00
2446130.500000000,A.D. 1985-Mar-06 00:00:00.0000,-2.385655567183048E+01,-1.562496490348112E+01,8.571852156368923E+00
2446161.500000000,A.D. 1985-Apr-06 00:00:00.0000,-2.379484108700889E+01,-1.571470715202890E+01,8.563687551601067E+00
2446191.500000000,A.D. 1985-May-06 00:00:00.0000,-2.373489337401723E+01,-1.580139840056412E+01,8.555705789798541E+00
2446222.500000000,A.D. 1985-Jun-06 00:00:00.0000,-2.367268911248669E+01,-1.589080351118552E+01,8.547344258636102E+00
2446252.500000000,A.D. 1985-Jul-06 00:00:00.0000,-2.361223640290054E+01,-1.597714068255941E+01,8.539150880524312E+00
2446283.500000000,A.D. 1985-Aug-06 00:00:00.0000,-2.354953004437874E+01,-1.606616735661166E+01,8.530616920163355E+00
2446314.500000000,A.D. 1985-Sep-06 00:00:00.0000,-2.348658485832835E+01,-1.615501499883133E+01,8.521998828378381E+00
2446344.500000000,A.D. 1985-Oct-06 00:00:00.0000,-2.342545285665205E+01,-1.624084144014989E+01,8.513572195220750E+00
2446375.500000000,A.D. 1985-Nov-06 00:00:00.0000,-2.336202644277702E+01,-1.632934646130355E+01,8.504753462122229E+00
2446405.500000000,A.D. 1985-Dec-06 00:00:00.0000,-2.330039419960385E+01,-1.641480709570132E+01,8.496123535349495E+00
2446436.500000000,A.D. 1986-Jan-06 00:00:00.0000,-2.323647674538376E+01,-1.650293130549158E+01,8.487138515137165E+00
2446467.500000000,A.D. 1986-Feb-06 00:00:00.0000,-2.317232399470896E+01,-1.659087486746179E+01,8.478067429559903E+00
2446495.500000000,A.D. 1986-Mar-06 00:00:00.0000,-2.311417824832769E+01,-1.667017123492395E+01,8.469769057599299E+00
2446526.500000000,A.D. 1986-Apr-06 00:00:00.0000,-2.304955463516928E+01,-1.675775595840294E+01,8.460511555147820E+00
2446556.500000000,A.D. 1986-May-06 00:00:00.0000,-2.298679814603160E+01,-1.684233736634719E+01,8.451486971707718E+00
2446587.500000000,A.D. 1986-Jun-06 00:00:00.0000,-2.292171888451064E+01,-1.692957130309706E+01,8.442053919686286E+00
2446617.500000000,A.D. 1986-Jul-06 00:00:00.0000,-2.285850300650654E+01,-1.701381826786940E+01,8.432815441179693E+00
2446648.500000000,A.D. 1986-Aug-06 00:00:00.0000,-2.279293381334440E+01,-1.710066678046823E+01,8.423191103382562E+00
2446679.500000000,A.D. 1986-Sep-06 00:00:00.0000,-2.272712948225661E+01,-1.718731963115908E+01,8.413485685702035E+00
2446709.500000000,A.D. 1986-Oct-06 00:00:00.0000,-2.266323932753451E+01,-1.727100052182661E+01,8.404025124731445E+00
2446740.500000000,A.D. 1986-Nov-06 00:00:00.0000,-2.259699019208970E+01,-1.735729735914584E+01,8.394138443087993E+00
2446770.500000000,A.D. 1986-Dec-06 00:00:00.0000,-2.253264466248859E+01,-1.744063141784145E+01,8.384462455754825E+00
2446801.500000000,A.D. 1987-Jan-06 00:00:00.0000,-2.246591765194666E+01,-1.752653991134189E+01,8.374391645309183E+00
2446832.500000000,A.D. 1987-Feb-06 00:00:00.0000,-2.239895979619614E+01,-1.761225602046093E+01,8.364240311640758E+00
2446860.500000000,A.D. 1987-Mar-06 00:00:00.0000,-2.233830440578781E+01,-1.768953904702121E+01,8.354993000487489E+00
2446891.500000000,A.D. 1987-Apr-06 00:00:00.0000,-2.227089848409626E+01,-1.777489625869404E+01,8.344653462577094E+00
2446921.500000000,A.D. 1987-May-06 00:00:00.0000,-2.220544260475046E+01,-1.785729951768730E+01,8.334579997563139E+00
2446952.500000000,A.D. 1987-Jun-06 00:00:00.0000,-2.213759584095391E+01,-1.794227679162102E+01,8.324083151638979E+00
2446982.500000000,A.D. 1987-Jul-06 00:00:00.0000,-2.207172783434543E+01,-1.802434644328646E+01,8.313825057551030E+00
2447013.500000000,A.D. 1987-Aug-06 00:00:00.0000,-2.200342016371956E+01,-1.810894613858381E+01,8.303127707115955E+00
2447044.500000000,A.D. 1987-Sep-06 00:00:00.0000,-2.193487771162961E+01,-1.819334325899296E+01,8.292344585163546E+00
2447074.500000000,A.D. 1987-Oct-06 00:00:00.0000,-2.186832958723747E+01,-1.827482057866890E+01,8.281844982933521E+00
2447105.500000000,A.D. 1987-Nov-06 00:00:00.0000,-2.179935364506619E+01,-1.835884048491522E+01,8.270901488569637E+00
2447135.500000000,A.D. 1987-Dec-06 00:00:00.0000,-2.173239040897785E+01,-1.843997894214530E+01,8.260207065094583E+00
2447166.500000000,A.D. 1988-Jan-06 00:00:00.0000,-2.166295466048175E+01,-1.852361072838807E+01,8.249065886630222E+00
2447197.500000000,A.D. 1988-Feb-06 00:00:00.0000,-2.159328968344110E+01,-1.860703842634773E+01,8.237842065377599E+00
2447226.500000000,A.D. 1988-Mar-06 00:00:00.0000,-2.152793023305367E+01,-1.868490537550356E+01,8.227291321538198E+00
2447257.500000000,A.D. 1988-Apr-06 00:00:00.0000,-2.145784259817893E+01,-1.876797106165290E+01,8.215895101052018E+00
2447287.500000000,A.D. 1988-May-06 00:00:00.0000,-2.138978366241678E+01,-1.884816283052092E+01,8.204763361816008E+00
2447318.500000000,A.D. 1988-Jun-06 00:00:00.0000,-2.131923293265275E+01,-1.893081794513272E+01,8.193194288286143E+00
2447348.500000000,A.D. 1988-Jul-06 00:00:00.0000,-2.125075523601762E+01,-1.901061465486962E+01,8.181934837341633E+00
2447379.500000000,A.D. 1988-Aug-06 00:00:00.0000,-2.117978047203938E+01,-1.909288972041503E+01,8.170194656810164E+00
2447410.500000000,A.D. 1988-Sep-06 00:00:00.0000,-2.110857899333322E+01,-1.917496545676517E+01,8.158355257356815E+00
2447440.500000000,A.D. 1988-Oct-06 00:00:00.0000,-2.103944524902294E+01,-1.925419158822538E+01,8.146799886133227E+00
2447471.500000000,A.D. 1988-Nov-06 00:00:00.0000,-2.096779374459300E+01,-1.933585308824059E+01,8.134795273617705E+00
2447501.500000000,A.D. 1988-Dec-06 00:00:00.0000,-2.089825592002268E+01,-1.941469438204885E+01,8.123111788046767E+00
2447532.500000000,A.D. 1989-Jan-06 00:00:00.0000,-2.082617993898356E+01,-1.949597797598221E+01,8.110930321195573E+00
2447563.500000000,A.D. 1989-Feb-06 00:00:00.0000,-2.075387447221864E+01,-1.957705711429717E+01,8.098650908711605E+00
2447591.500000000,A.D. 1989-Mar-06 00:00:00.0000,-2.068835516319112E+01,-1.965008553811602E+01,8.087495025715908E+00
2447622.500000000,A.D. 1989-Apr-06 00:00:00.0000,-2.061563264151146E+01,-1.973077067675316E+01,8.075063522603093E+00
2447652.500000000,A.D. 1989-May-06 00:00:00.0000,-2.054504283344735E+01,-1.980866811390188E+01,8.062927459621967E+00
2447683.500000000,A.D. 1989-Jun-06 00:00:00.0000,-2.047186723422814E+01,-1.988893950928646E+01,8.050306658540082E+00
2447713.500000000,A.D. 1989-Jul-06 00:00:00.0000,-2.040083760255032E+01,-1.996640875026072E+01,8.038028256363297E+00
2447744.500000000,A.D. 1989-Aug-06 00:00:00.0000,-2.032723950245171E+01,-2.004627333463694E+01,8.025255220731113E+00
2447775.500000000,A.D. 1989-Sep-06 00:00:00.0000,-2.025342327208394E+01,-2.012593535846228E+01,8.012387294666766E+00
2447805.500000000,A.D. 1989-Oct-06 00:00:00.0000,-2.018177170261725E+01,-2.020283202049560E+01,7.999828671607316E+00
2447836.500000000,A.D. 1989-Nov-06 00:00:00.0000,-2.010750637064111E+01,-2.028206445009582E+01,7.986778039172528E+00
2447866.500000000,A.D. 1989-Dec-06 00:00:00.0000,-2.003543114547626E+01,-2.035852837048728E+01,7.974087100193480E+00
2447897.500000000,A.D. 1990-Jan-06 00:00:00.0000,-1.996075371649949E+01,-2.043735301839225E+01,7.960881874132355E+00
2447928.500000000,A.D. 1990-Feb-06 00:00:00.0000,-1.988585786681578E+01,-2.051597282149307E+01,7.947580632957608E+00
2447956.500000000,A.D. 1990-Mar-06 00:00:00.0000,-1.981799458542698E+01,-2.058678364539776E+01,7.935474059059632E+00
2447987.500000000,A.D. 1990-Apr-06 00:00:00.0000,-1.974267486763559E+01,-2.066498268067544E+01,7.922018856417213E+00
2448017.500000000,A.D. 1990-May-06 00:00:00.0000,-1.966958880800406E+01,-2.074047103505291E+01,7.908906631945718E+00
2448048.500000000,A.D. 1990-Jun-06 00:00:00.0000,-1.959383440092509E+01,-2.081824877683339E+01,7.895258494510499E+00
2448078.500000000,A.D. 1990-Jul-06 00:00:00.0000,-1.952030230258914E+01,-2.089328972486905E+01,7.881970406710478E+00
2448109.500000000,A.D. 1990-Aug-06 00:00:00.0000,-1.944412328012805E+01,-2.097062135662372E+01,7.868173798628742E+00
2448140.500000000,A.D. 1990-Sep-06 00:00:00.0000,-1.936773707480444E+01,-2.104774072383789E+01,7.854292689547269E+00
2448170.500000000,A.D. 1990-Oct-06 00:00:00.0000,-1.929361849375246E+01,-2.112218018880927E+01,7.840763412504964E+00
2448201.500000000,A.D. 1990-Nov-06 00:00:00.0000,-1.921679866704157E+01,-2.119886716051926E+01,7.826690810815184E+00
2448231.500000000,A.D. 1990-Dec-06 00:00:00.0000,-1.914223945489673E+01,-2.127284780777731E+01,7.812998871234747E+00
2448262.500000000,A.D. 1991-Jan-06 00:00:00.0000,-1.906500296715770E+01,-2.134908357924188E+01,7.798781071337091E+00
2448293.500000000,A.D. 1991-Feb-06 00:00:00.0000,-1.898756074602742E+01,-2.142510245753281E+01,7.784476586232711E+00
2448321.500000000,A.D. 1991-Mar-06 00:00:00.0000,-1.891741817461634E+01,-2.149357744302652E+01,7.771450451660220E+00
2448352.500000000,A.D. 1991-Apr-06 00:00:00.0000,-1.883955983890288E+01,-2.156915360371419E+01,7.756982366766915E+00
2448382.500000000,A.D. 1991-May-06 00:00:00.0000,-1.876402812987659E+01,-2.164208737303524E+01,7.742911500430063E+00
2448413.500000000,A.D. 1991-Jun-06 00:00:00.0000,-1.868576177051007E+01,-2.171723203948495E+01,7.728265053215284E+00
2448443.500000000,A.D. 1991-Jul-06 00:00:00.0000,-1.860980231542404E+01,-2.178972417234421E+01,7.713993956722378E+00
2448474.500000000,A.D. 1991-Aug-06 00:00:00.0000,-1.853110606297607E+01,-2.186439049507095E+01,7.699186611678414E+00
2448505.500000000,A.D. 1991-Sep-06 00:00:00.0000,-1.845220859252101E+01,-2.193882326065393E+01,7.684304311058810E+00
2448535.500000000,A.D. 1991-Oct-06 00:00:00.0000,-1.837567760298942E+01,-2.201064764007944E+01,7.669827467577454E+00
2448566.500000000,A.D. 1991-Nov-06 00:00:00.0000,-1.829638071176758E+01,-2.208463616114944E+01,7.654763506141325E+00
2448596.500000000,A.D. 1991-Dec-06 00:00:00.0000,-1.821942761360124E+01,-2.215600221151508E+01,7.640094234300802E+00
2448627.500000000,A.D. 1992-Jan-06 00:00:00.0000,-1.813971304063176E+01,-2.222950826280326E+01,7.624877261408635E+00
2448658.500000000,A.D. 1992-Feb-06 00:00:00.0000,-1.805979915252218E+01,-2.230278007654957E+01,7.609584204035978E+00
2448687.500000000,A.D. 1992-Mar-06 00:00:00.0000,-1.798487270357144E+01,-2.237113361341340E+01,7.595191368372920E+00
2448718.500000000,A.D. 1992-Apr-06 00:00:00.0000,-1.790455457036666E+01,-2.244394449454855E+01,7.579715839532953E+00
2448748.500000000,A.D. 1992-May-06 00:00:00.0000,-1.782662643023489E+01,-2.251415756983144E+01,7.564675907017637E+00
2448779.500000000,A.D. 1992-Jun-06 00:00:00.0000,-1.774592106613326E+01,-2.258648741141031E+01,7.549060682179817E+00
2448809.500000000,A.D. 1992-Jul-06 00:00:00.0000,-1.766764005425852E+01,-2.265627128005095E+01,7.533861849135509E+00
2448840.500000000,A.D. 1992-Aug-06 00:00:00.0000,-1.758653377608309E+01,-2.272812896266568E+01,7.518061952423040E+00
2448871.500000000,A.D. 1992-Sep-06 00:00:00.0000,-1.750522062174722E+01,-2.279973123813228E+01,7.502182136236279E+00
2448901.500000000,A.D. 1992-Oct-06 00:00:00.0000,-1.742633829136122E+01,-2.286877248728846E+01,7.486755903277679E+00
2448932.500000000,A.D. 1992-Nov-06 00:00:00.0000,-1.734464994893328E+01,-2.293988807293952E+01,7.470735740122687E+00
2448962.500000000,A.D. 1992-Dec-06 00:00:00.0000,-1.726541914835997E+01,-2.300848982973885E+01,7.455140500635056E+00
2448993.500000000,A.D. 1993-Jan-06 00:00:00.0000,-1.718333734021771E+01,-2.307911755184587E+01,7.438937974791998E+00
2449024.500000000,A.D. 1993-Feb-06 00:00:00.0000,-1.710105582132241E+01,-2.314948670425641E+01,7.422659398235280E+00
2449052.500000000,A.D. 1993-Mar-06 00:00:00.0000,-1.702658900372085E+01,-2.321283255816227E+01,7.407917020104853E+00
2449083.500000000,A.D. 1993-Apr-06 00:00:00.0000,-1.694394707211344E+01,-2.328273613157582E+01,7.391481749231147E+00
2449113.500000000,A.D. 1993-May-06 00:00:00.0000,-1.686376864484192E+01,-2.335012508715010E+01,7.375495912768489E+00
2449144.500000000,A.D. 1993-Jun-06 00:00:00.0000,-1.678074157643106E+01,-2.341950737973730E+01,7.358920305779890E+00
2449174.500000000,A.D. 1993-Jul-06 00:00:00.0000,-1.670023001995266E+01,-2.348641822130493E+01,7.342814208361649E+00
2449205.500000000,A.D. 1993-Aug-06 00:00:00.0000,-1.661684247219595E+01,-2.355531076069790E+01,7.326069568297587E+00
2449236.500000000,A.D. 1993-Sep-06 00:00:00.0000,-1.653326105624011E+01,-2.362394065441602E+01,7.309238646671102E+00
2449266.500000000,A.D. 1993-Oct-06 00:00:00.0000,-1.645218299124528E+01,-2.369009194286731E+01,7.292877416846914E+00
2449297.500000000,A.D. 1993-Nov-06 00:00:00.0000,-1.636823582212305E+01,-2.375819864905318E+01,7.275911698763455E+00
2449327.500000000,A.D. 1993-Dec-06 00:00:00.0000,-1.628683824058171E+01,-2.382387636504103E+01,7.259422903381976E+00
2449358.500000000,A.D. 1994-Jan-06 00:00:00.0000,-1.620253399973905E+01,-2.389148542989582E+01,7.242284899111207E+00
2449389.500000000,A.D. 1994-Feb-06 00:00:00.0000,-1.611803940508001E+01,-2.395882427520830E+01,7.225064179501253E+00
2449417.500000000,A.D. 1994-Mar-06 00:00:00.0000,-1.604156405994956E+01,-2.401939852807430E+01,7.209471892389073E+00
2449448.500000000,A.D. 1994-Apr-06 00:00:00.0000,-1.595673880914033E+01,-2.408624074908176E+01,7.192112968063623E+00
2449478.500000000,A.D. 1994-May-06 00:00:00.0000,-1.587446587892761E+01,-2.415067176734592E+01,7.175219831103322E+00
2449509.500000000,A.D. 1994-Jun-06 00:00:00.0000,-1.578927195149893E+01,-2.421697309690552E+01,7.157706941566756E+00
2449539.500000000,A.D. 1994-Jul-06 00:00:00.0000,-1.570666640973809E+01,-2.428087671517720E+01,7.140707565226416E+00
2449570.500000000,A.D. 1994-Aug-06 00:00:00.0000,-1.562114304560847E+01,-2.434666330900219E+01,7.123050747851296E+00
2449601.500000000,A.D. 1994-Sep-06 00:00:00.0000,-1.553544349103218E+01,-2.441218235679545E+01,7.105306646587007E+00
2449631.500000000,A.D. 1994-Oct-06 00:00:00.0000,-1.545232902015918E+01,-2.447532156241457E+01,7.088045587788296E+00
2449662.500000000,A.D. 1994-Nov-06 00:00:00.0000,-1.536628013941117E+01,-2.454028727315328E+01,7.070156506241267E+00
2449692.500000000,A.D. 1994-Dec-06 00:00:00.0000,-1.528286002532822E+01,-2.460290196691164E+01,7.052792342117322E+00
2449723.500000000,A.D. 1995-Jan-06 00:00:00.0000,-1.519649686043796E+01,-2.466735340958027E+01,7.034755216201476E+00
2449754.500000000,A.D. 1995-Feb-06 00:00:00.0000,-1.510996042476708E+01,-2.473153401396222E+01,7.016632180543639E+00
2449782.500000000,A.D. 1995-Mar-06 00:00:00.0000,-1.503163170112556E+01,-2.478924077154126E+01,7.000203313269572E+00
2449813.500000000,A.D. 1995-Apr-06 00:00:00.0000,-1.494478136509866E+01,-2.485289314054023E+01,6.981952480498983E+00
2449843.500000000,A.D. 1995-May-06 00:00:00.0000,-1.486057757023170E+01,-2.491424204104320E+01,6.964198569435899E+00
2449874.500000000,A.D. 1995-Jun-06 00:00:00.0000,-1.477339150777905E+01,-2.497734394077346E+01,6.945781496669552E+00
2449904.500000000,A.D. 1995-Jul-06 00:00:00.0000,-1.468885936575256E+01,-2.503812903167967E+01,6.927903975816905E+00
2449935.500000000,A.D. 1995-Aug-06 00:00:00.0000,-1.460137177672142E+01,-2.510068430067949E+01,6.909362558849758E+00
2449966.500000000,A.D. 1995-Sep-06 00:00:00.0000,-1.451373042767531E+01,-2.516297034209892E+01,6.890741144099508E+00
2449996.500000000,A.D. 1995-Oct-06 00:00:00.0000,-1.442876235568398E+01,-2.522299045679183E+01,6.872627742511758E+00
2450027.500000000,A.D. 1995-Nov-06 00:00:00.0000,-1.434079629148225E+01,-2.528471587815860E+01,6.853846846679014E+00
2450057.500000000,A.D. 1995-Dec-06 00:00:00.0000,-1.425552067892590E+01,-2.534416892537620E+01,6.835622087361346E+00
2450088.500000000,A.D. 1996-Jan-06 00:00:00.0000,-1.416727058674074E+01,-2.540534647495659E+01,6.816716451319786E+00
2450119.500000000,A.D. 1996-Feb-06 00:00:00.0000,-1.407887317643165E+01,-2.546625152687774E+01,6.797730008551212E+00
2450148.500000000,A.D. 1996-Mar-06 00:00:00.0000,-1.399602477478863E+01,-2.552297099184911E+01,6.779874440371192E+00
2450179.500000000,A.D. 1996-Apr-06 00:00:00.0000,-1.390732317059717E+01,-2.558331491474755E+01,6.760750156179117E+00
2450209.500000000,A.D. 1996-May-06 00:00:00.0000,-1.382135850794747E+01,-2.564145212872003E+01,6.742189778997115E+00
2450240.500000000,A.D. 1996-Jun-06 00:00:00.0000,-1.373238067617080E+01,-2.570125840839491E+01,6.722917265914702E+00
2450270.500000000,A.D. 1996-Jul-06 00:00:00.0000,-1.364612199118166E+01,-2.575886081116327E+01,6.704178336882322E+00
2450301.500000000,A.D. 1996-Aug-06 00:00:00.0000,-1.355684633851162E+01,-2.581808699490076E+01,6.684764576869511E+00
2450332.500000000,A.D. 1996-Sep-06 00:00:00.0000,-1.346743681626246E+01,-2.587702741699607E+01,6.665289828001497E+00
2450362.500000000,A.D. 1996-Oct-06 00:00:00.0000,-1.338079876825885E+01,-2.593380902064472E+01,6.646386395106071E+00
2450393.500000000,A.D. 1996-Nov-06 00:00:00.0000,-1.329112992732340E+01,-2.599221032488967E+01,6.626760115992397E+00
2450423.500000000,A.D. 1996-Dec-06 00:00:00.0000,-1.320420685168664E+01,-2.604844946593734E+01,6.607683819669117E+00
2450454.500000000,A.D. 1997-Jan-06 00:00:00.0000,-1.311425552609889E+01,-2.610627180093090E+01,6.587925286240663E+00
2450485.500000000,A.D. 1997-Feb-06 00:00:00.0000,-1.302417664389931E+01,-2.616381036536432E+01,6.568105754712382E+00
2450513.500000000,A.D. 1997-Mar-06 00:00:00.0000,-1.294271787155238E+01,-2.621556207072272E+01,6.550128892251098E+00
2450544.500000000,A.D. 1997-Apr-06 00:00:00.0000,-1.285238143393051E+01,-2.627255613413864E+01,6.530162243562015E+00
2450574.500000000,A.D. 1997-May-06 00:00:00.0000,-1.276484158758885E+01,-2.632743106327767E+01,6.510796499797203E+00
2450605.500000000,A.D. 1997-Jun-06 00:00:00.0000,-1.267427064879845E+01,-2.638387354441169E+01,6.490708028281358E+00
2450635.500000000,A.D. 1997-Jul-06 00:00:00.0000,-1.258650117328562E+01,-2.643823624332047E+01,6.471181837893841E+00
2450666.500000000,A.D. 1997-Aug-06 00:00:00.0000,-1.249566590683747E+01,-2.649410951256898E+01,6.450940164056647E+00
2450697.500000000,A.D. 1997-Sep-06 00:00:00.0000,-1.240470484142539E+01,-2.654968734510280E+01,6.430638875870527E+00
2450727.500000000,A.D. 1997-Oct-06 00:00:00.0000,-1.231657259743952E+01,-2.660319492716265E+01,6.410950338560339E+00
2450758.500000000,A.D. 1997-Nov-06 00:00:00.0000,-1.222539370275217E+01,-2.665822194612024E+01,6.390524007770805E+00
2450788.500000000,A.D. 1997-Dec-06 00:00:00.0000,-1.213703974956542E+01,-2.671121032829804E+01,6.370670435809258E+00
2450819.500000000,A.D. 1998-Jan-06 00:00:00.0000,-1.204561300064467E+01,-2.676566519166501E+01,6.350098436427022E+00
2450850.500000000,A.D. 1998-Feb-06 00:00:00.0000,-1.195406958753464E+01,-2.681983009045613E+01,6.329469591308059E+00
2450878.500000000,A.D. 1998-Mar-06 00:00:00.0000,-1.187131122365030E+01,-2.686852833854200E+01,6.310793580858106E+00
2450909.500000000,A.D. 1998-Apr-06 00:00:00.0000,-1.177954949976874E+01,-2.692216064653287E+01,6.290026036716791E+00
2450939.500000000,A.D. 1998-May-06 00:00:00.0000,-1.169062856900784E+01,-2.697377048803823E+01,6.269877526130952E+00
2450970.500000000,A.D. 1998-Jun-06 00:00:00.0000,-1.159865252252595E+01,-2.702683086940972E+01,6.249003980579401E+00
2451000.500000000,A.D. 1998-Jul-06 00:00:00.0000,-1.150955410029142E+01,-2.707792568924624E+01,6.228736618053026E+00
2451031.500000000,A.D. 1998-Aug-06 00:00:00.0000,-1.141736243113983E+01,-2.713043442466486E+01,6.207713039932742E+00
2451062.500000000,A.D. 1998-Sep-06 00:00:00.0000,-1.132505627502947E+01,-2.718265001394434E+01,6.186624999757005E+00
2451092.500000000,A.D. 1998-Oct-06 00:00:00.0000,-1.123562028139025E+01,-2.723289382894616E+01,6.166172603534251E+00
2451123.500000000,A.D. 1998-Nov-06 00:00:00.0000,-1.114311685783567E+01,-2.728454930541658E+01,6.144979924624264E+00
2451153.500000000,A.D. 1998-Dec-06 00:00:00.0000,-1.105350877739500E+01,-2.733428594978021E+01,6.124398902460977E+00
2451184.500000000,A.D. 1999-Jan-06 00:00:00.0000,-1.096079383445009E+01,-2.738538760060811E+01,6.103057824409386E+00
2451215.500000000,A.D. 1999-Feb-06 00:00:00.0000,-1.086797080504260E+01,-2.743619635008917E+01,6.081656644276143E+00
2451243.500000000,A.D. 1999-Mar-06 00:00:00.0000,-1.078405987217190E+01,-2.748184184996238E+01,6.062304629586987E+00
2451274.500000000,A.D. 1999-Apr-06 00:00:00.0000,-1.069105678055695E+01,-2.753212557211097E+01,6.040783561552081E+00
2451304.500000000,A.D. 1999-May-06 00:00:00.0000,-1.060093973270554E+01,-2.758050374019489E+01,6.019889096262672E+00
2451335.500000000,A.D. 1999-Jun-06 00:00:00.0000,-1.050773028639391E+01,-2.763021244156671E+01,5.998259904846779E+00
2451365.500000000,A.D. 1999-Jul-06 00:00:00.0000,-1.041745048607127E+01,-2.767805719237836E+01,5.977283642832177E+00
2451396.500000000,A.D. 1999-Aug-06 00:00:00.0000,-1.032406119134109E+01,-2.772722597564853E+01,5.955524426982091E+00
2451427.500000000,A.D. 1999-Sep-06 00:00:00.0000,-1.023057008101627E+01,-2.777610800837596E+01,5.933695785845626E+00
2451457.500000000,A.D. 1999-Oct-06 00:00:00.0000,-1.013998888787842E+01,-2.782312694668348E+01,5.912511390494156E+00
2451488.500000000,A.D. 1999-Nov-06 00:00:00.0000,-1.004631125951432E+01,-2.787143905672629E+01,5.890581976650554E+00
2451518.500000000,A.D. 1999-Dec-06 00:00:00.0000,-9.955585169674000E+00,-2.791794065402650E+01,5.869310981882681E+00
2451549.500000000,A.D. 2000-Jan-06 00:00:00.0000,-9.861733007854291E+00,-2.796572123906861E+01,5.847248447516347E+00
2451580.500000000,A.D. 2000-Feb-06 00:00:00.0000,-9.767779134588702E+00,-2.801321610683805E+01,5.825119905030751E+00
2451609.500000000,A.D. 2000-Mar-06 00:00:00.0000,-9.679787846916353E+00,-2.805736599763125E+01,5.804380516351424E+00
2451640.500000000,A.D. 2000-Apr-06 00:00:00.0000,-9.585665602584807E+00,-2.810431330301608E+01,5.782158294111992E+00
2451670.500000000,A.D. 2000-May-06 00:00:00.0000,-9.494499220787700E+00,-2.814949471993486E+01,5.760579260434824E+00
2451701.500000000,A.D. 2000-Jun-06 00:00:00.0000,-9.400188498238482E+00,-2.819588904400760E+01,5.738219377212378E+00
2451731.500000000,A.D. 2000-Jul-06 00:00:00.0000,-9.308825048697589E+00,-2.824050168357411E+01,5.716536944723305E+00
2451762.500000000,A.D. 2000-Aug-06 00:00:00.0000,-9.214347427826036E+00,-2.828633954941159E+01,5.694084898347935E+00
2451793.500000000,A.D. 2000-Sep-06 00:00:00.0000,-9.119787548900927E+00,-2.833190604847227E+01,5.671571132141306E+00
2451823.500000000,A.D. 2000-Oct-06 00:00:00.0000,-9.028194717377936E+00,-2.837574816407288E+01,5.649707730113931E+00
2451854.500000000,A.D. 2000-Nov-06 00:00:00.0000,-8.933448430239217E+00,-2.842075580708930E+01,5.627062035254785E+00
2451884.500000000,A.D. 2000-Dec-06 00:00:00.0000,-8.841672350451802E+00,-2.846402838717239E+01,5.605109315336536E+00
2451915.500000000,A.D. 2001-Jan-06 00:00:00.0000,-8.746772381460559E+00,-2.850848607924444E+01,5.582373057776367E+00
2451946.500000000,A.D. 2001-Feb-06 00:00:00.0000,-8.651792300303731E+00,-2.855267414638207E+01,5.559573952394255E+00
2451974.500000000,A.D. 2001-Mar-06 00:00:00.0000,-8.565908700156529E+00,-2.859234092939131E+01,5.538904751878636E+00
2452005.500000000,A.D. 2001-Apr-06 00:00:00.0000,-8.470756293094428E+00,-2.863598553338509E+01,5.516003743174190E+00
2452035.500000000,A.D. 2001-May-06 00:00:00.0000,-8.378609030672477E+00,-2.867797278846345E+01,5.493788981785880E+00
2452066.500000000,A.D. 2001-Jun-06 00:00:00.0000,-8.283293031420383E+00,-2.872107947067689E+01,5.470758469279885E+00
2452096.500000000,A.D. 2001-Jul-06 00:00:00.0000,-8.190955604211789E+00,-2.876251222330135E+01,5.448410412065719E+00
2452127.500000000,A.D. 2001-Aug-06 00:00:00.0000,-8.095471719715851E+00,-2.880504608740806E+01,5.425286235998258E+00
2452158.500000000,A.D. 2001-Sep-06 00:00:00.0000,-7.999916321428986E+00,-2.884730527700457E+01,5.402112817125363E+00
2452188.500000000,A.D. 2001-Oct-06 00:00:00.0000,-7.907381721643177E+00,-2.888795406384180E+01,5.379629327682849E+00
2452219.500000000,A.D. 2001-Nov-06 00:00:00.0000,-7.811666750827120E+00,-2.892967420275297E+01,5.356326517943235E+00
2452249.500000000,A.D. 2001-Dec-06 00:00:00.0000,-7.718945929610668E+00,-2.896976416194746E+01,5.333722484865724E+00
2452280.500000000,A.D. 2002-Jan-06 00:00:00.0000,-7.623070490929550E+00,-2.901091620839285E+01,5.310332874773233E+00
2452311.500000000,A.D. 2002-Feb-06 00:00:00.0000,-7.527125122095257E+00,-2.905179387571492E+01,5.286892705932670E+00
2452339.500000000,A.D. 2002-Mar-06 00:00:00.0000,-7.440396671315683E+00,-2.908849160749088E+01,5.265644133182364E+00
2452370.500000000,A.D. 2002-Apr-06 00:00:00.0000,-7.344291914645180E+00,-2.912882549630164E+01,5.242094705399783E+00
2452400.500000000,A.D. 2002-May-06 00:00:00.0000,-7.251229667113830E+00,-2.916759607892234E+01,5.219273209913577E+00
2452431.500000000,A.D. 2002-Jun-06 00:00:00.0000,-7.154989508322120E+00,-2.920739559138266E+01,5.195618043475768E+00
2452461.500000000,A.D. 2002-Jul-06 00:00:00.0000,-7.061769037815217E+00,-2.924564246744643E+01,5.172654775810857E+00
2452492.500000000,A.D. 2002-Aug-06 00:00:00.0000,-6.965360953478740E+00,-2.928486737232787E+01,5.148892497444796E+00
2452523.500000000,A.D. 2002-Sep-06 00:00:00.0000,-6.868882796542603E+00,-2.932380522437261E+01,5.125089037516832E+00
2452553.500000000,A.D. 2002-Oct-06 00:00:00.0000,-6.775465847671591E+00,-2.936122619810147E+01,5.102018587880451E+00
2452584.500000000,A.D. 2002-Nov-06 00:00:00.0000,-6.678860408315321E+00,-2.939962467400309E+01,5.078105913859949E+00
2452614.500000000,A.D. 2002-Dec-06 00:00:00.0000,-6.585288709057758E+00,-2.943651070856334E+01,5.054897693027794E+00
2452645.500000000,A.D. 2003-Jan-06 00:00:00.0000,-6.488527166990168E+00,-2.947433446052785E+01,5.030887432127344E+00
2452676.500000000,A.D. 2003-Feb-06 00:00:00.0000,-6.391699514177909E+00,-2.951187562979516E+01,5.006836638856207E+00
2452704.500000000,A.D. 2003-Mar-06 00:00:00.0000,-6.304200317119749E+00,-2.954556706794882E+01,4.985060271040979E+00
2452735.500000000,A.D. 2003-Apr-06 00:00:00.0000,-6.207230952347342E+00,-2.958256800602803E+01,4.960899117086732E+00
2452765.500000000,A.D. 2003-May-06 00:00:00.0000,-6.113325966241272E+00,-2.961809087412758E+01,4.937492119929145E+00
2452796.500000000,A.D. 2003-Jun-06 00:00:00.0000,-6.016239386849416E+00,-2.965453497263530E+01,4.913251095303206E+00
2452826.500000000,A.D. 2003-Jul-06 00:00:00.0000,-5.922225572074705E+00,-2.968954604246095E+01,4.889727217779622E+00
2452857.500000000,A.D. 2003-Aug-06 00:00:00.0000,-5.824995709503336E+00,-2.972542453318334E+01,4.865369943141282E+00
2452888.500000000,A.D. 2003-Sep-06 00:00:00.0000,-5.727696815399275E+00,-2.976100815870013E+01,4.840971578817368E+00
2452918.500000000,A.D. 2003-Oct-06 00:00:00.0000,-5.633481880124245E+00,-2.979516360309635E+01,4.817337264761527E+00
2452949.500000000,A.D. 2003-Nov-06 00:00:00.0000,-5.536074653602369E+00,-2.983019342408413E+01,4.792856422367522E+00
2452979.500000000,A.D. 2003-Dec-06 00:00:00.0000,-5.441748818932564E+00,-2.986382996782583E+01,4.769098873758963E+00
2453010.500000000,A.D. 2004-Jan-06 00:00:00.0000,-5.344203982633196E+00,-2.989828435458348E+01,4.744508351555250E+00
2453041.500000000,A.D. 2004-Feb-06 00:00:00.0000,-5.246597751252069E+00,-2.993244440854201E+01,4.719880147652487E+00
2453070.500000000,A.D. 2004-Mar-06 00:00:00.0000,-5.155255135258330E+00,-2.996414687105657E+01,4.696824884173622E+00
2453101.500000000,A.D. 2004-Apr-06 00:00:00.0000,-5.057545981941013E+00,-2.999776857559305E+01,4.672101499016873E+00
2453131.500000000,A.D. 2004-May-06 00:00:00.0000,-4.962913371238210E+00,-3.003001920876466E+01,4.648118858674175E+00
2453162.500000000,A.D. 2004-Jun-06 00:00:00.0000,-4.865073807964564E+00,-3.006304998696708E+01,4.623315238361320E+00
2453192.500000000,A.D. 2004-Jul-06 00:00:00.0000,-4.770351533839901E+00,-3.009474245554635E+01,4.599286823422257E+00
2453223.500000000,A.D. 2004-Aug-06 00:00:00.0000,-4.672417568774858E+00,-3.012721684447313E+01,4.574391744105158E+00
2453254.500000000,A.D. 2004-Sep-06 00:00:00.0000,-4.574424539367775E+00,-3.015939842978965E+01,4.549442638433128E+00
2453284.500000000,A.D. 2004-Oct-06 00:00:00.0000,-4.479525160767808E+00,-3.019025006877803E+01,4.525248866346645E+00
2453315.500000000,A.D. 2004-Nov-06 00:00:00.0000,-4.381421749192091E+00,-3.022184179194296E+01,4.500228085776493E+00
2453345.500000000,A.D. 2004-Dec-06 00:00:00.0000,-4.286450822311838E+00,-3.025214804856482E+01,4.475986279488467E+00
2453376.500000000,A.D. 2005-Jan-06 00:00:00.0000,-4.188257895480348E+00,-3.028318629864035E+01,4.450870353450115E+00
2453407.500000000,A.D. 2005-Feb-06 00:00:00.0000,-4.090006596437109E+00,-3.031392840442158E+01,4.425703335450047E+00
2453435.500000000,A.D. 2005-Mar-06 00:00:00.0000,-4.001208096604349E+00,-3.034141612718697E+01,4.402954897259298E+00
2453466.500000000,A.D. 2005-Apr-06 00:00:00.0000,-3.902874279327563E+00,-3.037160049833645E+01,4.377721041137263E+00
2453496.500000000,A.D. 2005-May-06 00:00:00.0000,-3.807660473135916E+00,-3.040053748225383E+01,4.353238353488005E+00
2453527.500000000,A.D. 2005-Jun-06 00:00:00.0000,-3.709217528172592E+00,-3.043013106897748E+01,4.327910993547025E+00
2453557.500000000,A.D. 2005-Jul-06 00:00:00.0000,-3.613909184141732E+00,-3.045847938038100E+01,4.303382569444411E+00
2453588.500000000,A.D. 2005-Aug-06 00:00:00.0000,-3.515394598419691E+00,-3.048750213952687E+01,4.277989643283162E+00
2453619.500000000,A.D. 2005-Sep-06 00:00:00.0000,-3.416838075891467E+00,-3.051623537961884E+01,4.252546384072406E+00
2453649.500000000,A.D. 2005-Oct-06 00:00:00.0000,-3.321410076620653E+00,-3.054376010288052E+01,4.227863579701876E+00
2453680.500000000,A.D. 2005-Nov-06 00:00:00.0000,-3.222757545730682E+00,-3.057189403600771E+01,4.202335944165101E+00
2453710.500000000,A.D. 2005-Dec-06 00:00:00.0000,-3.127259330377939E+00,-3.059883363251293E+01,4.177616104076036E+00
2453741.500000000,A.D. 2006-Jan-06 00:00:00.0000,-3.028552216235918E+00,-3.062640186955725E+01,4.152020746474206E+00
2453772.500000000,A.D. 2006-Feb-06 00:00:00.0000,-2.929806091257875E+00,-3.065368091903021E+01,4.126375510239042E+00
2453800.500000000,A.D. 2006-Mar-06 00:00:00.0000,-2.840557899384568E+00,-3.067804385596763E+01,4.103169384115036E+00
2453831.500000000,A.D. 2006-Apr-06 00:00:00.0000,-2.741740317471921E+00,-3.070475090786130E+01,4.077463301924904E+00
2453861.500000000,A.D. 2006-May-06 00:00:00.0000,-2.646085431795442E+00,-3.073033092426965E+01,4.052534963741146E+00
2453892.500000000,A.D. 2006-Jun-06 00:00:00.0000,-2.547191855817647E+00,-3.075645493310311E+01,4.026730144295861E+00
2453922.500000000,A.D. 2006-Jul-06 00:00:00.0000,-2.451446785751979E+00,-3.078143374389660E+01,4.001729800487631E+00
2453953.500000000,A.D. 2006-Aug-06 00:00:00.0000,-2.352500086163857E+00,-3.080696374092863E+01,3.975873005501038E+00
2453984.500000000,A.D. 2006-Sep-06 00:00:00.0000,-2.253532682538731E+00,-3.083220633430391E+01,3.949976845525482E+00
2454014.500000000,A.D. 2006-Oct-06 00:00:00.0000,-2.157734760907847E+00,-3.085636804151975E+01,3.924861567410945E+00
2454045.500000000,A.D. 2006-Nov-06 00:00:00.0000,-2.058699924520799E+00,-3.088102459561439E+01,3.898871505704435E+00
2454075.500000000,A.D. 2006-Dec-06 00:00:00.0000,-1.962827321812206E+00,-3.090458453666845E+01,3.873698843855366E+00
2454106.500000000,A.D. 2007-Jan-06 00:00:00.0000,-1.863754443057245E+00,-3.092865210094622E+01,3.847659518825222E+00
2454137.500000000,A.D. 2007-Feb-06 00:00:00.0000,-1.764665418476355E+00,-3.095243112960329E+01,3.821579552230280E+00
2454165.500000000,A.D. 2007-Mar-06 00:00:00.0000,-1.675129329439161E+00,-3.097365308809570E+01,3.797962058741739E+00
2454196.500000000,A.D. 2007-Apr-06 00:00:00.0000,-1.575990844174782E+00,-3.099685530020189E+01,3.771816855521555E+00
2454226.500000000,A.D. 2007-May-06 00:00:00.0000,-1.480049235047811E+00,-3.101904298240998E+01,3.746486249729019E+00
2454257.500000000,A.D. 2007-Jun-06 00:00:00.0000,-1.380878548496074E+00,-3.104167825237153E+01,3.720254634941445E+00
2454287.500000000,A.D. 2007-Jul-06 00:00:00.0000,-1.284872310697095E+00,-3.106328666796875E+01,3.694824647377199E+00
2454318.500000000,A.D. 2007-Aug-06 00:00:00.0000,-1.185658748510868E+00,-3.108531428514222E+01,3.668536506361650E+00
2454349.500000000,A.D. 2007-Sep-06 00:00:00.0000,-1.086440841815393E+00,-3.110704748634661E+01,3.642221337369061E+00
2454379.500000000,A.D. 2007-Oct-06 00:00:00.0000,-9.904297738262524E-01,-3.112781484531536E+01,3.616721262102356E+00
2454410.500000000,A.D. 2007-Nov-06 00:00:00.0000,-8.911937908035668E-01,-3.114897804920798E+01,3.590319144241812E+00
2454440.500000000,A.D. 2007-Dec-06 00:00:00.0000,-7.951326280978420E-01,-3.116916200739741E+01,3.564731604171071E+00
2454471.500000000,A.D. 2008-Jan-06 00:00:00.0000,-6.958724139518796E-01,-3.118972741995798E+01,3.538281017956184E+00
2454502.500000000,A.D. 2008-Feb-06 00:00:00.0000,-5.966123276307891E-01,-3.121000306393411E+01,3.511802338489691E+00
2454531.500000000,A.D. 2008-Mar-06 00:00:00.0000,-5.037618469032147E-01,-3.122872737455283E+01,3.486983101970340E+00
2454562.500000000,A.D. 2008-Apr-06 00:00:00.0000,-4.044786039987907E-01,-3.124842857664073E+01,3.460421287428098E+00
2454592.500000000,A.D. 2008-May-06 00:00:00.0000,-3.083932125087111E-01,-3.126719703953568E+01,3.434705514875786E+00
2454623.500000000,A.D. 2008-Jun-06 00:00:00.0000,-2.091209912880905E-01,-3.128631902383779E+01,3.408101728524875E+00
2454653.500000000,A.D. 2008-Jul-06 00:00:00.0000,-1.130588777624035E-01,-3.130456110930061E+01,3.382311692918411E+00
2454684.500000000,A.D. 2008-Aug-06 00:00:00.0000,-1.377690571807778E-02,-3.132310573817715E+01,3.355624228025375E+00
2454715.500000000,A.D. 2008-Sep-06 00:00:00.0000,8.550867077626666E-02,-3.134134669601968E+01,3.328911055428121E+00
2454745.500000000,A.D. 2008-Oct-06 00:00:00.0000,1.815854343944457E-01,-3.135870705220076E+01,3.303052607227688E+00
2454776.500000000,A.D. 2008-Nov-06 00:00:00.0000,2.808443490761408E-01,-3.137637572899938E+01,3.276296192244552E+00
2454806.500000000,A.D. 2008-Dec-06 00:00:00.0000,3.768909762118735E-01,-3.139320997260023E+01,3.250355631038419E+00
2454837.500000000,A.D. 2009-Jan-06 00:00:00.0000,4.761474897746824E-01,-3.141029933842269E+01,3.223520802680342E+00
2454868.500000000,A.D. 2009-Feb-06 00:00:00.0000,5.753974654168746E-01,-3.142709012523827E+01,3.196664253082626E+00
2454896.500000000,A.D. 2009-Mar-06 00:00:00.0000,6.650109699098061E-01,-3.144201678743095E+01,3.172406769369708E+00
2454927.500000000,A.D. 2009-Apr-06 00:00:00.0000,7.642352140320595E-01,-3.145826755717114E+01,3.145487913347379E+00
2454957.500000000,A.D. 2009-May-06 00:00:00.0000,8.602638910159707E-01,-3.147369772874324E+01,3.119413080644619E+00
2454988.500000000,A.D. 2009-Jun-06 00:00:00.0000,9.594646489497872E-01,-3.148936064026292E+01,3.092460089032528E+00
2455018.500000000,A.D. 2009-Jul-06 00:00:00.0000,1.055432681139285E+00,-3.150425665027504E+01,3.066354757361180E+00
2455049.500000000,A.D. 2009-Aug-06 00:00:00.0000,1.154594402622146E+00,-3.151936378000707E+01,3.039330349593286E+00
2455080.500000000,A.D. 2009-Sep-06 00:00:00.0000,1.253745246744564E+00,-3.153417586873753E+01,3.012274713057298E+00
2455110.500000000,A.D. 2009-Oct-06 00:00:00.0000,1.349691126857362E+00,-3.154821758124364E+01,2.986075237631219E+00
2455141.500000000,A.D. 2009-Nov-06 00:00:00.0000,1.448797313594749E+00,-3.156245706164102E+01,2.958990010733049E+00
2455171.500000000,A.D. 2009-Dec-06 00:00:00.0000,1.544671128264778E+00,-3.157598316843118E+01,2.932751457030892E+00
2455202.500000000,A.D. 2010-Jan-06 00:00:00.0000,1.643734970256436E+00,-3.158967301603299E+01,2.905593838599046E+00
2455233.500000000,A.D. 2010-Feb-06 00:00:00.0000,1.742783310363719E+00,-3.160306961498198E+01,2.878409275523986E+00
2455261.500000000,A.D. 2010-Mar-06 00:00:00.0000,1.832219510994195E+00,-3.161491075286097E+01,2.853866205956541E+00
2455292.500000000,A.D. 2010-Apr-06 00:00:00.0000,1.931206673844672E+00,-3.162777673998896E+01,2.826640087229601E+00
2455322.500000000,A.D. 2010-May-06 00:00:00.0000,2.026992347460622E+00,-3.163995132606109E+01,2.800252430109959E+00
2455353.500000000,A.D. 2010-Jun-06 00:00:00.0000,2.125942314199062E+00,-3.165224325376327E+01,2.772983556899611E+00
2455383.500000000,A.D. 2010-Jul-06 00:00:00.0000,2.221660684872125E+00,-3.166387249365119E+01,2.746591432376476E+00
2455414.500000000,A.D. 2010-Aug-06 00:00:00.0000,2.320538331500729E+00,-3.167562781300751E+01,2.719276329302782E+00
2455445.500000000,A.D. 2010-Sep-06 00:00:00.0000,2.419390181603399E+00,-3.168710229109952E+01,2.691927462353064E+00
2455475.500000000,A.D. 2010-Oct-06 00:00:00.0000,2.515039622847130E+00,-3.169792736524360E+01,2.665427590046599E+00
2455506.500000000,A.D. 2010-Nov-06 00:00:00.0000,2.613836081888319E+00,-3.170883388105934E+01,2.638044990786341E+00
2455536.500000000,A.D. 2010-Dec-06 00:00:00.0000,2.709396311110624E+00,-3.171913342265971E+01,2.611540549043065E+00
2455567.500000000,A.D. 2011-Jan-06 00:00:00.0000,2.808110399827875E+00,-3.172951823758597E+01,2.584107996735145E+00
2455598.500000000,A.D. 2011-Feb-06 00:00:00.0000,2.906797979357356E+00,-3.173962755302639E+01,2.556644076672120E+00
2455626.500000000,A.D. 2011-Mar-06 00:00:00.0000,2.995923447142588E+00,-3.174849471441986E+01,2.531833785843926E+00
2455657.500000000,A.D. 2011-Apr-06 00:00:00.0000,3.094538346525755E+00,-3.175808024468468E+01,2.504343432782476E+00
2455687.500000000,A.D. 2011-May-06 00:00:00.0000,3.189942370566469E+00,-3.176710435613703E+01,2.477697009279079E+00
2455718.500000000,A.D. 2011-Jun-06 00:00:00.0000,3.288502179468786E+00,-3.177614064612540E+01,2.450150580557918E+00
2455748.500000000,A.D. 2011-Jul-06 00:00:00.0000,3.383846512426384E+00,-3.178461345397185E+01,2.423493087293145E+00
2455779.500000000,A.D. 2011-Aug-06 00:00:00.0000,3.482314309261366E+00,-3.179312225996440E+01,2.395924685684816E+00
2455810.500000000,A.D. 2011-Sep-06 00:00:00.0000,3.580740928329824E+00,-3.180136928672747E+01,2.368327641299082E+00
2455840.500000000,A.D. 2011-Oct-06 00:00:00.0000,3.675964571619203E+00,-3.180909820317432E+01,2.341579166037026E+00
2455871.500000000,A.D. 2011-Nov-06 00:00:00.0000,3.774331816367847E+00,-3.181680177913353E+01,2.313934194432919E+00
2455901.500000000,A.D. 2011-Dec-06 00:00:00.0000,3.869482364039261E+00,-3.182399240289070E+01,2.287184565032193E+00
2455932.500000000,A.D. 2012-Jan-06 00:00:00.0000,3.967749687388115E+00,-3.183118075307420E+01,2.259515772218835E+00
2455963.500000000,A.D. 2012-Feb-06 00:00:00.0000,4.065974930545599E+00,-3.183811032375466E+01,2.231818237356430E+00
2455992.500000000,A.D. 2012-Mar-06 00:00:00.0000,4.157847893835569E+00,-3.184434397939270E+01,2.205867538310188E+00
2456023.500000000,A.D. 2012-Apr-06 00:00:00.0000,4.256004990921532E+00,-3.185074599404334E+01,2.178142486936419E+00
2456053.500000000,A.D. 2012-May-06 00:00:00.0000,4.350939257293099E+00,-3.185670396723141E+01,2.151304328545165E+00
2456084.500000000,A.D. 2012-Jun-06 00:00:00.0000,4.449005752351522E+00,-3.186260606836777E+01,2.123530388714748E+00
2456114.500000000,A.D. 2012-Jul-06 00:00:00.0000,4.543884967713412E+00,-3.186805817268307E+01,2.096619399559269E+00
2456145.500000000,A.D. 2012-Aug-06 00:00:00.0000,4.641880314237553E+00,-3.187342173327188E+01,2.068816721326760E+00
2456176.500000000,A.D. 2012-Sep-06 00:00:00.0000,4.739822944447236E+00,-3.187852557679566E+01,2.041005452268279E+00
2456206.500000000,A.D. 2012-Oct-06 00:00:00.0000,4.834544974613736E+00,-3.188323421748893E+01,2.014078988508682E+00
2456237.500000000,A.D. 2012-Nov-06 00:00:00.0000,4.932392745242598E+00,-3.188784512908117E+01,1.986216500684763E+00
2456267.500000000,A.D. 2012-Dec-06 00:00:00.0000,5.027059589000674E+00,-3.189204897586415E+01,1.959226215297247E+00
2456298.500000000,A.D. 2013-Jan-06 00:00:00.0000,5.124830826397287E+00,-3.189613328517039E+01,1.931343350966448E+00
2456329.500000000,A.D. 2013-Feb-06 00:00:00.0000,5.222549752794929E+00,-3.189996332901490E+01,1.903451073748825E+00
2456357.500000000,A.D. 2013-Mar-06 00:00:00.0000,5.310763244000006E+00,-3.190322600262643E+01,1.878220764298156E+00
2456388.500000000,A.D. 2013-Apr-06 00:00:00.0000,5.408405641829093E+00,-3.190656207547119E+01,1.850285269772111E+00
2456418.500000000,A.D. 2013-May-06 00:00:00.0000,5.502844001400853E+00,-3.190954310638901E+01,1.823258473974448E+00
2456449.500000000,A.D. 2013-Jun-06 00:00:00.0000,5.600376728433735E+00,-3.191239025911819E+01,1.795300317353581E+00
2456479.500000000,A.D. 2013-Jul-06 00:00:00.0000,5.694724767302951E+00,-3.191491077530312E+01,1.768207327343932E+00
2456510.500000000,A.D. 2013-Aug-06 00:00:00.0000,5.792185424907072E+00,-3.191724329884220E+01,1.740206090921882E+00
2456541.500000000,A.D. 2013-Sep-06 00:00:00.0000,5.889598755263681E+00,-3.191931377254177E+01,1.712200144566242E+00
2456571.500000000,A.D. 2013-Oct-06 00:00:00.0000,5.983810229751526E+00,-3.192107589005180E+01,1.685104107261169E+00
2456602.500000000,A.D. 2013-Nov-06 00:00:00.0000,6.081110631118428E+00,-3.192266084243237E+01,1.657071354319602E+00
2456632.500000000,A.D. 2013-Dec-06 00:00:00.0000,6.175234501107687E+00,-3.192395673087712E+01,1.629907586177936E+00
2456663.500000000,A.D. 2014-Jan-06 00:00:00.0000,6.272456058770279E+00,-3.192502901988372E+01,1.601840173618349E+00
2456694.500000000,A.D. 2014-Feb-06 00:00:00.0000,6.369626674229274E+00,-3.192584604360665E+01,1.573769872676513E+00
2456722.500000000,A.D. 2014-Mar-06 00:00:00.0000,6.457327899240878E+00,-3.192639244538853E+01,1.548408646775155E+00
2456753.500000000,A.D. 2014-Apr-06 00:00:00.0000,6.554409982322876E+00,-3.192673657765894E+01,1.520298696676989E+00
2456783.500000000,A.D. 2014-May-06 00:00:00.0000,6.648320159874324E+00,-3.192681039458958E+01,1.493100554731281E+00
2456814.500000000,A.D. 2014-Jun-06 00:00:00.0000,6.745293659088792E+00,-3.192665346055199E+01,1.464987995794881E+00
2456844.500000000,A.D. 2014-Jul-06 00:00:00.0000,6.839079845390375E+00,-3.192627855160120E+01,1.437759384325080E+00
2456875.500000000,A.D. 2014-Aug-06 00:00:00.0000,6.935959784607221E+00,-3.192562927646211E+01,1.409600393537078E+00
2456906.500000000,A.D. 2014-Sep-06 00:00:00.0000,7.032794519812131E+00,-3.192471964687033E+01,1.381433041650705E+00
2456936.500000000,A.D. 2014-Oct-06 00:00:00.0000,7.126457581422072E+00,-3.192358630628733E+01,1.354183958110808E+00
2456967.500000000,A.D. 2014-Nov-06 00:00:00.0000,7.223175978919810E+00,-3.192218656959781E+01,1.326013147922059E+00
2456997.500000000,A.D. 2014-Dec-06 00:00:00.0000,7.316719122339769E+00,-3.192060896641886E+01,1.298724110571687E+00
2457028.500000000,A.D. 2015-Jan-06 00:00:00.0000,7.413346821070931E+00,-3.191871368965331E+01,1.270510096808587E+00
2457059.500000000,A.D. 2015-Feb-06 00:00:00.0000,7.509925163781721E+00,-3.191655850892301E+01,1.242291689787914E+00
2457087.500000000,A.D. 2015-Mar-06 00:00:00.0000,7.597089809869253E+00,-3.191440218232665E+01,1.216823749170777E+00
2457118.500000000,A.D. 2015-Apr-06 00:00:00.0000,7.693556951268936E+00,-3.191178409875041E+01,1.188581226516183E+00
2457148.500000000,A.D. 2015-May-06 00:00:00.0000,7.786878831121871E+00,-3.190899466034533E+01,1.161239038899719E+00
2457179.500000000,A.D. 2015-Jun-06 00:00:00.0000,7.883245491687223E+00,-3.190586772794392E+01,1.132996783044772E+00
2457209.500000000,A.D. 2015-Jul-06 00:00:00.0000,7.976434496136466E+00,-3.190261556741702E+01,1.105665088731961E+00
2457240.500000000,A.D. 2015-Aug-06 00:00:00.0000,8.072685021687599E+00,-3.189900999279160E+01,1.077390420551158E+00
2457271.500000000,A.D. 2015-Sep-06 00:00:00.0000,8.168886681832516E+00,-3.189514692021806E+01,1.049101183659655E+00
2457301.500000000,A.D. 2015-Oct-06 00:00:00.0000,8.261944016686742E+00,-3.189115026984469E+01,1.021721485732809E+00
2457332.500000000,A.D. 2015-Nov-06 00:00:00.0000,8.358028361603456E+00,-3.188678314668320E+01,9.934378614776380E-01
2457362.500000000,A.D. 2015-Dec-06 00:00:00.0000,8.450941038625539E+00,-3.188233756353188E+01,9.660609263055173E-01
2457393.500000000,A.D. 2016-Jan-06 00:00:00.0000,8.546908395193844E+00,-3.187749684204861E+01,9.377425873833901E-01
2457424.500000000,A.D. 2016-Feb-06 00:00:00.0000,8.642826849074966E+00,-3.187239959163687E+01,9.094134170497205E-01
2457453.500000000,A.D. 2016-Mar-06 00:00:00.0000,8.732513341016102E+00,-3.186738057267091E+01,8.829282394458431E-01
2457484.500000000,A.D. 2016-Apr-06 00:00:00.0000,8.828304913184869E+00,-3.186180027728438E+01,8.546044822452409E-01
2457514.500000000,A.D. 2016-May-06 00:00:00.0000,8.920948939388913E+00,-3.185617430967934E+01,8.271669431383649E-01
2457545.500000000,A.D. 2016-Jun-06 00:00:00.0000,9.016636803449879E+00,-3.185009535722570E+01,7.988116862392936E-01
2457575.500000000,A.D. 2016-Jul-06 00:00:00.0000,9.109184631195177E+00,-3.184395830637217E+01,7.713821515105435E-01
2457606.500000000,A.D. 2016-Aug-06 00:00:00.0000,9.204738723525770E+00,-3.183738873235590E+01,7.430359802318159E-01
2457637.500000000,A.D. 2016-Sep-06 00:00:00.0000,9.300226830789212E+00,-3.183057736188437E+01,7.146774190513198E-01
2457667.500000000,A.D. 2016-Oct-06 00:00:00.0000,9.392579604412715E+00,-3.182375529653883E+01,6.872056356585766E-01
2457698.500000000,A.D. 2016-Nov-06 00:00:00.0000,9.487959535759970E+00,-3.181643992883362E+01,6.588224932747313E-01
2457728.500000000,A.D. 2016-Dec-06 00:00:00.0000,9.580200030445425E+00,-3.180910967623717E+01,6.313705539861455E-01
2457759.500000000,A.D. 2017-Jan-06 00:00:00.0000,9.675433129131955E+00,-3.180131029369656E+01,6.029958033636356E-01
2457790.500000000,A.D. 2017-Feb-06 00:00:00.0000,9.770598004908795E+00,-3.179327130105231E+01,5.746077814533298E-01
2457818.500000000,A.D. 2017-Mar-06 00:00:00.0000,9.856522193597314E+00,-3.178578365026762E+01,5.489416649061120E-01
2457849.500000000,A.D. 2017-Apr-06 00:00:00.0000,9.951568428197506E+00,-3.177726070195234E+01,5.205545078288764E-01
2457879.500000000,A.D. 2017-May-06 00:00:00.0000,1.004347174996582E+01,-3.176879460620644E+01,4.930729663923589E-01
2457910.500000000,A.D. 2017-Jun-06 00:00:00.0000,1.013838926968649E+01,-3.175979115341344E+01,4.646552499379571E-01
2457940.500000000,A.D. 2017-Jul-06 00:00:00.0000,1.023019514131070E+01,-3.175082231023168E+01,4.371496014115273E-01
2457971.500000000,A.D. 2017-Aug-06 00:00:00.0000,1.032497647670770E+01,-3.174131233915811E+01,4.087442389468698E-01
2458002.500000000,A.D. 2017-Sep-06 00:00:00.0000,1.041967712434385E+01,-3.173156162144163E+01,3.803382852982863E-01
2458032.500000000,A.D. 2017-Oct-06 00:00:00.0000,1.051124328014084E+01,-3.172190932548354E+01,3.528337428582032E-01
2458063.500000000,A.D. 2017-Nov-06 00:00:00.0000,1.060580921864663E+01,-3.171167923001727E+01,3.243987229255136E-01
2458093.500000000,A.D. 2017-Dec-06 00:00:00.0000,1.069726993777781E+01,-3.170152471788849E+01,2.968837447339756E-01
2458124.500000000,A.D. 2018-Jan-06 00:00:00.0000,1.079168967829033E+01,-3.169079674316512E+01,2.684657868442997E-01
2458155.500000000,A.D. 2018-Feb-06 00:00:00.0000,1.088602722611479E+01,-3.167982966786011E+01,2.400453404126589E-01
2458183.500000000,A.D. 2018-Mar-06 00:00:00.0000,1.097117918282434E+01,-3.166972208648837E+01,2.143405443616298E-01
2458214.500000000,A.D. 2018-Apr-06 00:00:00.0000,1.106538367162647E+01,-3.165827481534270E+01,1.859125504030311E-01
2458244.500000000,A.D. 2018-May-06 00:00:00.0000,1.115645881776969E+01,-3.164697349590558E+01,1.584136561553124E-01
2458275.500000000,A.D. 2018-Jun-06 00:00:00.0000,1.125049940162713E+01,-3.163506219753806E+01,1.299735593116793E-01
2458305.500000000,A.D. 2018-Jul-06 00:00:00.0000,1.134144789710821E+01,-3.162329559903366E+01,1.024311813645343E-01
2458336.500000000,A.D. 2018-Aug-06 00:00:00.0000,1.143535101412324E+01,-3.161087963942812E+01,7.399102134940749E-02
2458367.500000000,A.D. 2018-Sep-06 00:00:00.0000,1.152916705688779E+01,-3.159821666113330E+01,4.555975801733302E-02
2458397.500000000,A.D. 2018-Oct-06 00:00:00.0000,1.161985967056597E+01,-3.158574243015688E+01,1.805308648948831E-02
2458428.500000000,A.D. 2018-Nov-06 00:00:00.0000,1.171350267876681E+01,-3.157261470750310E+01,-1.039364102085974E-02
2458458.500000000,A.D. 2018-Dec-06 00:00:00.0000,1.180406151931882E+01,-3.155966883397216E+01,-3.793681519330838E-02
2458489.500000000,A.D. 2019-Jan-06 00:00:00.0000,1.189755139425318E+01,-3.154604419393320E+01,-6.637486908828612E-02
2458520.500000000,A.D. 2019-Feb-06 00:00:00.0000,1.199095038501937E+01,-3.153217987885481E+01,-9.480457919221087E-02
2458548.500000000,A.D. 2019-Mar-06 00:00:00.0000,1.207522448613033E+01,-3.151947508085650E+01,-1.205016992799942E-01
2458579.500000000,A.D. 2019-Apr-06 00:00:00.0000,1.216847126098305E+01,-3.150514617670937E+01,-1.489447788931288E-01
2458609.500000000,A.D. 2019-May-06 00:00:00.0000,1.225861987215159E+01,-3.149104050084050E+01,-1.764467636218660E-01
2458640.500000000,A.D. 2019-Jun-06 00:00:00.0000,1.235167475657147E+01,-3.147624438847052E+01,-2.048763877299050E-01
2458670.500000000,A.D. 2019-Jul-06 00:00:00.0000,1.244164378225498E+01,-3.146170652412805E+01,-2.324090998821458E-01
2458701.500000000,A.D. 2019-Aug-06 00:00:00.0000,1.253453751037977E+01,-3.144642676655302E+01,-2.608525538202254E-01
2458732.500000000,A.D. 2019-Sep-06 00:00:00.0000,1.262734095720307E+01,-3.143089944429315E+01,-2.892851836115392E-01
$$EOE,,,,
**************************************************************************************************************************,,,,
Coordinate system description:,,,,
,,,,
  Ecliptic and Mean Equinox of Reference Epoch,,,,
,,,,
Reference epoch: J2000.0,,,,
    XY-plane: plane of the Earth's orbit at the reference epoch,,,,
Note: obliquity of 84381.448 arcseconds wrt ICRF equator (IAU76),,,,
    X-axis  : out along ascending node of instantaneous plane of the Earth's,,,,
              orbit and the Earth's mean equator at the reference epoch,,,,
    Z-axis  : perpendicular to the xy-plane in the directional (+ or -) sense,,,,
              of Earth's north pole at the reference epoch.,,,,
,,,,
Symbol meaning [1 au= 149597870.700 km,1 day= 86400.0 s]:,,,
,,,,
    JDTDB    Julian Day Number, Barycentric Dynamical Time,,,
      X      X-component of position vector (au)                               ,,,,
      Y      Y-component of position vector (au)                               ,,,,
      Z      Z-component of position vector (au)                               ,,,,
,,,,
Geometric states/elements have no aberrations applied.,,,,
,,,,
 Computations by ...,,,,
     Solar System Dynamics Group, Horizons On-Line Ephemeris System,,,
4800 Oak Grove Drive, Jet Propulsion Laboratory,,,
     Pasadena,CA  91109   USA,,,
     Information: http://ssd.jpl.nasa.gov/,,,,
Connect    : telnet://ssd.jpl.nasa.gov:6775  (via browser),,,,
                  http://ssd.jpl.nasa.gov/?horizons,,,,
telnet ssd.jpl.nasa.gov 6775    (via command-line),,,,
     Author     : Jon.D.Giorgini@jpl.nasa.gov,,,,
*******************************************************************************,,,,